<?xml version="1.0" encoding="utf-8"?>
<window type="dialog">
	<allowoverlay>no</allowoverlay>
	<defaultcontrol always="false">4000</defaultcontrol>
	<coordinates>
		<system>1</system>
		<posx>0</posx>
		<posy>0</posy>
	</coordinates>

    <controls>

        <control type="image" id="20000">
            <posx>5</posx>
            <posy>55</posy>
            <width>1250</width>
            <height>580</height>
        </control>
        <control type="image">
            <posx>-5</posx>
            <posy>50</posy>
            <width>1280</width>
            <height>606</height>
            <texture>menu2.png</texture>
        </control>
        <control type="image" id="20008">
            <posx>15</posx>
            <posy>100</posy>
            <width>300</width>
            <height>450</height>
            <aspectratio>keep</aspectratio>
			<visible>true</visible>
        </control>
		<control type="label" id="20001">
            <description>Program title</description>
            <posx>70</posx>
            <posy>60</posy>
            <width>1170</width>
            <height>70</height>
            <textcolor>ffffffff</textcolor>
            <font>font30</font>
			<align>center</align>
            <aligny>top</aligny>
        </control>
		<control type="label" id="20004">
            <description>Program sub title</description>
            <posx>70</posx>
            <posy>100</posy>
            <width>1170</width>
            <height>70</height>
            <textcolor>ffffcc00</textcolor>
            <font>font14</font>
			<align>center</align>
            <aligny>top</aligny>
        </control>
		<control type="textbox" id="20002">
			<description>Program description</description>
			<posx>325</posx>
			<posy>140</posy>
			<width>790</width>
			<height>300</height>
			<textcolor>ffffffff</textcolor>
			<font>font13</font>
			<align>justify</align>
			<wrapmultiline>true</wrapmultiline>
			<autoscroll time="3600" delay="6000" repeat="6000">true</autoscroll>
		</control>
		<control type="label" id="20009">
            <description>Actors</description>
            <posx>325</posx>
            <posy>350</posy>
            <width>100</width>
            <height>70</height>
            <textcolor>ffffcc00</textcolor>
            <font>font14</font>
			<align>left</align>
            <aligny>top</aligny>
        </control>
		<control type="textbox" id="20003">
			<description>Actors description</description>
			<posx>325</posx>
			<posy>380</posy>
			<width>230</width>
			<height>200</height>
			<textcolor>ffffffff</textcolor>
			<font>font13</font>
			<align>justify</align>
			<wrapmultiline>true</wrapmultiline>
			<autoscroll time="3600" delay="6000" repeat="6000">true</autoscroll>
		</control>
		<control type="label" id="20015">
            <description>Presenter</description>
            <posx>325</posx>
            <posy>350</posy>
            <width>100</width>
            <height>70</height>
            <textcolor>ffffcc00</textcolor>
            <font>font14</font>
			<align>left</align>
            <aligny>top</aligny>
        </control>
		<control type="textbox" id="20016">
			<description>Presenter description</description>
			<posx>325</posx>
			<posy>380</posy>
			<width>230</width>
			<height>200</height>
			<textcolor>ffffffff</textcolor>
			<font>font13</font>
			<align>justify</align>
			<wrapmultiline>true</wrapmultiline>
			<autoscroll time="3600" delay="6000" repeat="6000">true</autoscroll>
		</control>
		<control type="label" id="20010">
            <description>Director</description>
            <posx>557</posx>
            <posy>350</posy>
            <width>100</width>
            <height>70</height>
            <textcolor>ffffcc00</textcolor>
            <font>font14</font>
			<align>left</align>
            <aligny>top</aligny>
        </control>
		<control type="textbox" id="20005">
			<description>Director description</description>
			<posx>557</posx>
			<posy>380</posy>
			<width>230</width>
			<height>200</height>
			<textcolor>ffffffff</textcolor>
			<font>font13</font>
			<align>justify</align>
			<wrapmultiline>true</wrapmultiline>
			<autoscroll time="3600" delay="6000" repeat="6000">true</autoscroll>
		</control>
		<control type="label" id="20011">
            <description>Producer</description>
            <posx>790</posx>
            <posy>350</posy>
            <width>100</width>
            <height>70</height>
            <textcolor>ffffcc00</textcolor>
            <font>font14</font>
			<align>left</align>
            <aligny>top</aligny>
        </control>
		<control type="textbox" id="20007">
			<description>Producer description</description>
			<posx>790</posx>
			<posy>380</posy>
			<width>230</width>
			<height>200</height>
			<textcolor>ffffffff</textcolor>
			<font>font13</font>
			<align>justify</align>
			<wrapmultiline>true</wrapmultiline>
			<autoscroll time="3600" delay="6000" repeat="6000">true</autoscroll>
		</control>
		<control type="label" id="20012">
            <description>Writer</description>
            <posx>1017</posx>
            <posy>350</posy>
            <width>100</width>
            <height>70</height>
            <textcolor>ffffcc00</textcolor>
            <font>font14</font>
			<align>left</align>
            <aligny>top</aligny>
        </control>
		<control type="textbox" id="20006">
			<description>Writer description</description>
			<posx>1017</posx>
			<posy>380</posy>
			<width>230</width>
			<height>200</height>
			<textcolor>ffffffff</textcolor>
			<font>font13</font>
			<align>justify</align>
			<wrapmultiline>true</wrapmultiline>
			<autoscroll time="3600" delay="6000" repeat="6000">true</autoscroll>
		</control>
		<control type="label" id="20013">
            <description>Actor2</description>
            <posx>1017</posx>
            <posy>350</posy>
            <width>100</width>
            <height>70</height>
            <textcolor>ffffcc00</textcolor>
            <font>font14</font>
			<align>left</align>
            <aligny>top</aligny>
        </control>
		<control type="textbox" id="20014">
			<description>Actor2 description</description>
			<posx>1017</posx>
			<posy>380</posy>
			<width>230</width>
			<height>200</height>
			<textcolor>ffffffff</textcolor>
			<font>font13</font>
			<align>justify</align>
			<wrapmultiline>true</wrapmultiline>
			<autoscroll time="3600" delay="6000" repeat="6000">true</autoscroll>
		</control>

		<control type="label" id="20017">
            <description>Date</description>
            <posx>15</posx>
            <posy>520</posy>
            <width>300</width>
            <height>70</height>
            <textcolor>ffffffff</textcolor>
            <font>font13</font>
			<align>center</align>
            <aligny>top</aligny>
        </control>

		<control type="label">
            <description>Help and Tips</description>
            <posx>423</posx>
            <posy>120</posy>
            <width>180</width>
            <height>70</height>
            <textcolor>ffffffff</textcolor>
            <font>font13</font>
			<align>left</align>
            <aligny>top</aligny>
			<label>HELP &amp; TIPS</label>
			<visible>false</visible>
        </control>
		
		<control type="label">
            <description>Help and Tips</description>
            <posx>423</posx>
            <posy>150</posy>
            <width>710</width>
            <height>400</height>
            <textcolor>ffffffff</textcolor>
            <font>font13</font>
			<align>justify</align>
            <aligny>top</aligny>
			<wrapmultiline>true</wrapmultiline>
			<autoscroll time="3600" delay="6000" repeat="6000">true</autoscroll>
			<label>Supported Plugins
The following Kodi plugins are currently supported by Mega Guide: F.T.V., TVCatchup, USTVNow (Lunatixz 9.9.9), Irish TV, SkyGo Launcher (V2), MX NCAA, MX BBC Player, MX RTE Player.

Channel Hiding &amp; Moving
While in this menu, if you choose 'Channels' to the left, you will be presented with a list of all the channels in your source XMLTV. Clicking on one with toggle it on or off. Pressing left, however, will slot the channel out of its place and you can then move it up or down your list. This is an easy way to get your guide just how you want it. Be warned, though, changing to another source in the main settings will force you to lose any channel settings you may have made.

For any more help please visit TVAddons.ag</label>
			<visible>false</visible>
        </control>
			
        <control type="image" id="4100">
            <posx>160</posx>
            <posy>100</posy>
            <width>240</width>
            <height>80</height>
            <aspectratio>keep</aspectratio>
			<visible>false</visible>
        </control>
        <control type="label" id="4101">
            <posx>160</posx>
            <posy>100</posy>
            <width>240</width>
            <height>50</height>
            <align>center</align>
            <aligny>center</aligny>
            <font>font13</font>
            <textcolor>ffffffff</textcolor>
			<visible>false</visible>
        </control>

        <control type="button" id="4000"><!-- Watch Stream -->
            <posx>160</posx>
            <posy>228</posy>
            <width>240</width>
            <height>50</height>
            <texturefocus>menu-grey-focus.png</texturefocus>
            <texturenofocus>menu-grey.png</texturenofocus>
            <onup>4005</onup>
            <ondown>4001</ondown>
            <align>center</align>
            <aligny>center</aligny>
            <font>font13</font>
            <textcolor>ffffffff</textcolor>
			<visible>false</visible>
        </control>

        <control type="button" id="4001"><!-- Choose Stream -->
            <posx>160</posx>
            <posy>670</posy>
            <width>240</width>
            <height>50</height>
            <texturefocus>menu-grey-focus.png</texturefocus>
            <texturenofocus>menu-grey.png</texturenofocus>
            <onup>4000</onup>
            <ondown>4002</ondown>
            <align>center</align>
            <aligny>center</aligny>
            <font>font13</font>
            <textcolor>ffffffff</textcolor>
            <label>$ADDON[script.IPCableCloudGuide 30304]</label>
			<visible>false</visible>
        </control>
        <control type="button" id="20018"><!-- Choose Stream -->
            <posx>50</posx>
            <posy>570</posy>
            <width>240</width>
            <height>50</height>
            <texturefocus>menu-grey-focus2.png</texturefocus>
            <texturenofocus>menu-grey2.png</texturenofocus>
            <onup>4000</onup>
            <ondown>4002</ondown>
            <align>center</align>
            <aligny>center</aligny>
            <font>font13</font>
            <textcolor>ffffffff</textcolor>
            <label>Back</label>
        </control>
        <control type="label"><!-- Choose Stream Text -->
            <posx>20</posx>
            <posy>260</posy>
            <width>240</width>
            <height>200</height>
            <font>font13</font>
            <textcolor>ffffffff</textcolor>
            <label>$ADDON[script.IPCableCloudGuide 30305]</label>
            <wrapmultiline>true</wrapmultiline>
			<visible>false</visible>
        </control>

        <control type="label" id="4102"><!-- Show Title -->
            <posx>20</posx>
            <posy>420</posy>
            <width>240</width>
            <height>50</height>
            <align>center</align>
            <aligny>center</aligny>
            <font>font13</font>
            <textcolor>ffffffff</textcolor>
			<visible>false</visible>
        </control>
        <control type="button" id="4002"><!-- REMINDER -->
            <posx>160</posx>
            <posy>332</posy>
            <width>240</width>
            <height>50</height>
            <texturefocus>menu-grey-focus.png</texturefocus>
            <texturenofocus>menu-grey.png</texturenofocus>
            <onup>4001</onup>
            <ondown>4003</ondown>
            <align>center</align>
            <aligny>center</aligny>
            <font>font13</font>
            <textcolor>ffffffff</textcolor>
			<visible>false</visible>
        </control>
        <control type="button" id="4003"><!-- CHANNELS -->
            <posx>160</posx>
            <posy>384</posy>
            <width>240</width>
            <height>50</height>
            <texturefocus>menu-grey-focus.png</texturefocus>
            <texturenofocus>menu-grey.png</texturenofocus>
            <onup>4002</onup>
            <ondown>80000</ondown>
            <align>center</align>
            <aligny>center</aligny>
            <font>font13</font>
            <textcolor>ffffffff</textcolor>
            <label>$ADDON[script.IPCableCloudGuide 30307]</label>
			<visible>false</visible>
        </control>

        <control type="button" id="4005"><!-- watch from beginning -->
            <posx>160</posx>
            <posy>178</posy>
            <width>240</width>
            <height>50</height>
            <texturefocus>menu-grey-focus.png</texturefocus>
            <texturenofocus>menu-grey.png</texturenofocus>
            <onup>8002</onup>
            <ondown>4000</ondown>
            <align>center</align>
            <aligny>center</aligny>
            <font>font13</font>
            <textcolor>ffffffff</textcolor>
            <label>Watch from beginning</label>
			<visible>false</visible>
        </control>
		
        <control type="button" id="80000"><!-- MY MOVIES -->
            <posx>160</posx>
            <posy>436</posy>
            <width>240</width>
            <height>50</height>
            <texturefocus>menu-grey-focus.png</texturefocus>
            <texturenofocus>menu-grey.png</texturenofocus>
            <onup>4002</onup>
            <ondown>80001</ondown>
            <align>center</align>
            <aligny>center</aligny>
            <font>font13</font>
            <textcolor>ffffffff</textcolor>
			<label>$ADDON[script.IPCableCloudGuide 80000]</label>
			<visible>false</visible>
        </control>

        <control type="button" id="80001"><!-- MY TV SHOWS -->
            <posx>160</posx>
            <posy>488</posy>
            <width>240</width>
            <height>50</height>
            <texturefocus>menu-grey-focus.png</texturefocus>
            <texturenofocus>menu-grey.png</texturenofocus>
            <onup>80000</onup>
            <ondown>80002</ondown>
            <align>center</align>
            <aligny>center</aligny>
            <font>font13</font>
            <textcolor>ffffffff</textcolor>
			<label>$ADDON[script.IPCableCloudGuide 80001]</label>
			<visible>false</visible>
        </control>
		
		<control type="button" id="80002"><!-- VIDEO ADDONS -->
            <posx>160</posx>
            <posy>540</posy>
            <width>240</width>
            <height>50</height>
            <texturefocus>menu-grey-focus.png</texturefocus>
            <texturenofocus>menu-grey.png</texturenofocus>
            <onup>80001</onup>
            <ondown>4001</ondown>
            <align>center</align>
            <aligny>center</aligny>
            <font>font13</font>
            <textcolor>ffffffff</textcolor>
			<label>$ADDON[script.IPCableCloudGuide 80002]</label>
			<visible>false</visible>
        </control>

        <control type="button" id="4004"><!-- QUIT -->
            <posx>20</posx>
            <posy>650</posy>
            <width>240</width>
            <height>50</height>
            <texturefocus>menu-grey-focus.png</texturefocus>
            <texturenofocus>menu-grey.png</texturenofocus>
            <onup>4003</onup>
            <ondown>80000</ondown>
            <align>center</align>
            <aligny>center</aligny>
            <font>font13</font>
            <textcolor>ffffffff</textcolor>
            <label>$ADDON[script.IPCableCloudGuide 30308]</label>
			<visible>false</visible>
        </control>
		
		

    </controls>
</window>
